fraction,seed,fold,f1,train_time,test_time,total_time,f1_class_0,f1_class_1,f1_class_2,f1_class_3,f1_class_4,f1_class_5,f1_class_6
0.0,42,,0.6471485376378574,2920.738506793976,242.51219129562378,3163.2506980895996,0.6410256410256411,0.5853658536585366,0.5,0.5797101449275363,0.0,0.4444444444444444,0.8131868131868132
0.0,43,,0.5966342527281995,2857.8299543857574,237.25682711601257,3095.08678150177,0.4507042253521127,0.6111111111111112,0.5789473684210527,0.4810126582278481,0.0,0.15384615384615385,0.8631578947368421
0.0,44,,0.6783911863893299,3132.5862164497375,227.6706988811493,3360.256915330887,0.5316455696202531,0.5714285714285714,0.6976744186046512,0.5609756097560976,0.11764705882352941,0.25,0.96
0.0,45,,0.565430411986803,3089.3521616458893,321.65641355514526,3411.0085752010345,0.40540540540540543,0.6842105263157895,0.3888888888888889,0.4222222222222222,0.0,0.8,0.8791208791208791
0.0,46,,0.6793288942167521,3759.7220587730408,224.8000636100769,3984.5221223831177,0.5263157894736842,0.7428571428571429,0.6190476190476191,0.6363636363636364,0.0,0.6666666666666666,0.8936170212765957
0.05,42,,0.6511704792890239,2807.3427650928497,245.1969518661499,3052.5397169589996,0.64,0.6,0.4897959183673469,0.5833333333333334,0.0,0.4444444444444444,0.8260869565217391
0.05,43,,0.5756237977641783,2739.266352891922,224.62923192977905,2963.895584821701,0.4444444444444444,0.5882352941176471,0.5641025641025641,0.43902439024390244,0.0,0.16,0.8387096774193549
0.05,44,,0.6174980157079395,3030.9175424575806,219.39318084716797,3250.3107233047485,0.4594594594594595,0.3333333333333333,0.6976744186046512,0.5647058823529412,0.10526315789473684,0.2857142857142857,0.8775510204081632
0.05,45,,0.5518835409362988,2826.0208530426025,262.7996139526367,3088.8204669952393,0.4266666666666667,0.6153846153846154,0.42105263157894735,0.41304347826086957,0.0,0.6666666666666666,0.8275862068965517
0.05,46,,0.6618651457066594,3857.6516823768616,220.58585572242737,4078.237538099289,0.5263157894736842,0.6486486486486487,0.6666666666666666,0.6444444444444445,0.0,0.6666666666666666,0.8314606741573034
0.1,42,,0.6103695230655488,2473.643309354782,205.9191598892212,2679.5624692440033,0.6052631578947368,0.46153846153846156,0.4489795918367347,0.5757575757575758,0.0,0.5714285714285714,0.7727272727272727
0.1,43,,0.5892999765172148,2313.901878595352,191.87675976753235,2505.7786383628845,0.463768115942029,0.6285714285714286,0.5263157894736842,0.5,0.0,0.16666666666666666,0.8297872340425532
0.1,44,,0.6473232345569807,2373.279509782791,217.94881224632263,2591.2283220291138,0.525,0.5263157894736842,0.6363636363636364,0.5,0.11764705882352941,0.3333333333333333,0.9375
0.1,45,,0.5396754982979722,2864.489517211914,261.2576813697815,3125.7471985816956,0.410958904109589,0.5405405405405406,0.3888888888888889,0.425531914893617,0.0,0.5,0.8314606741573034
0.1,46,,0.6448193816315396,2793.3217618465424,227.41214871406555,3020.733910560608,0.5066666666666667,0.6666666666666666,0.5909090909090909,0.5531914893617021,0.0,0.8,0.8791208791208791
0.2,42,,0.6122339745171287,1859.7235617637634,172.43649816513062,2032.160059928894,0.7088607594936709,0.39285714285714285,0.5,0.4444444444444444,0.0,0.6666666666666666,0.7640449438202247
0.2,43,,0.5504794309950657,1711.1615359783173,162.0534269809723,1873.2149629592896,0.4383561643835616,0.3783783783783784,0.4864864864864865,0.42857142857142855,0.0,0.2,0.851063829787234
0.2,44,,0.6032147071133782,1756.3787636756897,158.82678198814392,1915.2055456638336,0.4594594594594595,0.5185185185185185,0.6511627906976745,0.42857142857142855,0.1,0.3333333333333333,0.8958333333333334
0.2,45,,0.5535799098985089,1890.1190798282623,203.324969291687,2093.4440491199493,0.4383561643835616,0.6666666666666666,0.45,0.3917525773195876,0.0,0.5,0.8181818181818182
0.2,46,,0.6022289291647669,2143.514556646347,220.45100092887878,2363.965557575226,0.5316455696202531,0.5625,0.5531914893617021,0.5054945054945055,0.0,0.6666666666666666,0.7906976744186046
0.3,42,,0.5961288374041562,1844.2151215076447,157.58630228042603,2001.8014237880707,0.7142857142857143,0.4230769230769231,0.5116279069767442,0.45161290322580644,0.0,0.36363636363636365,0.6976744186046512
0.3,43,,0.5060097825491331,1538.8806161880493,137.43798780441284,1676.3186039924622,0.4057971014492754,0.3,0.4,0.4050632911392405,0.0,0.18181818181818182,0.8043478260869565
0.3,44,,0.6107759274769968,1217.7367916107178,106.60795664787292,1324.3447482585907,0.5263157894736842,0.45454545454545453,0.6086956521739131,0.425,0.1,0.25,0.8979591836734694
0.3,45,,0.537925103533351,1109.9324007034302,106.83570289611816,1216.7681035995483,0.42857142857142855,0.5555555555555556,0.46153846153846156,0.3711340206185567,0.0,0.8,0.8
0.3,46,,0.5789082307189765,751.8640446662903,78.7689836025238,830.6330282688141,0.5405405405405406,0.6206896551724138,0.509090909090909,0.4888888888888889,0.0,0.0,0.7441860465116279
0.5,42,,0.5994735285418515,688.6955859661102,70.91909790039062,759.6146838665009,0.6904761904761905,0.4782608695652174,0.38095238095238093,0.5428571428571428,0.0,0.3333333333333333,0.7111111111111111
0.5,43,,0.5058517207877193,645.1448695659637,62.04429793357849,707.1891674995422,0.4722222222222222,0.3902439024390244,0.45,0.39473684210526316,0.0,0.16666666666666666,0.7032967032967034
0.5,44,,0.5739264821200305,594.0389022827148,63.1690616607666,657.2079639434814,0.4935064935064935,0.4166666666666667,0.5128205128205128,0.43010752688172044,0.0,0.4,0.8484848484848485
0.5,45,,0.4621068484898272,589.4752125740051,61.99457550048828,651.4697880744934,0.40476190476190477,0.32432432432432434,0.2857142857142857,0.425531914893617,0.0,0.0,0.6904761904761905
0.5,46,,0.505263363704575,600.5615117549896,61.97705078125,662.5385625362396,0.49382716049382713,0.4827586206896552,0.3333333333333333,0.4175824175824176,0.0,0.0,0.6976744186046512
