method,gamma,seed,f1,train_time,test_time,total_time,f1_class_0,f1_class_1,f1_class_2,f1_class_3,f1_class_4,f1_class_5,f1_class_6
wasps,0.01,42.0,0.674877964141122,0.0758659839630127,1.7958152294158936,1.8716812133789062,0.6666666666666666,0.7857142857142857,0.6153846153846154,0.49230769230769234,0.0,0.0,0.8596491228070176
wasps,0.01,43.0,0.7371208600922887,0.07577157020568848,1.7797858715057373,1.8555574417114258,0.66,0.8484848484848485,0.8095238095238095,0.49230769230769234,0.0,0.6666666666666666,0.9523809523809523
wasps,0.01,44.0,0.7116656213799071,0.07568120956420898,1.7833983898162842,1.8590795993804932,0.7111111111111111,0.6363636363636364,0.5641025641025641,0.6428571428571429,0.0,0.0,0.9009009009009009
wasps,0.01,45.0,0.6802212051868801,0.0753943920135498,1.7633998394012451,1.838794231414795,0.7368421052631579,0.6956521739130435,0.375,0.5925925925925926,0.0,0.0,0.8695652173913043
wasps_nodiv,0.01,42.0,0.6430812610073657,0.08867859840393066,1.2437026500701904,1.332381248474121,0.6732673267326733,0.6923076923076923,0.6666666666666666,0.4,0.0,0.0,0.8130081300813008
wasps_nodiv,0.01,43.0,0.662683851919146,0.07940864562988281,1.265824317932129,1.3452329635620117,0.6274509803921569,0.8,0.5945945945945946,0.40625,0.0,0.5,0.9009009009009009
wasps_nodiv,0.01,44.0,0.6946440386680989,0.08195614814758301,1.284254789352417,1.3662109375,0.6947368421052632,0.5263157894736842,0.6842105263157895,0.6133333333333333,0.0,0.0,0.8571428571428571
wasps_nodiv,0.01,45.0,0.6301577851470772,0.07614731788635254,1.2253141403198242,1.3014614582061768,0.6534653465346535,0.6666666666666666,0.3448275862068966,0.5277777777777778,0.0,0.0,0.8429752066115702
eucl_params,0.01,42.0,0.3619496595183667,0.07606291770935059,1.4235413074493408,1.4996042251586914,0.4731182795698925,0.2,0.12121212121212122,0.12903225806451613,0.0,0.0,0.5984251968503937
eucl_params,0.01,43.0,0.33038764944746396,0.07671523094177246,1.487950325012207,1.5646655559539795,0.3516483516483517,0.43478260869565216,0.125,0.0821917808219178,0.0,0.0,0.5714285714285714
eucl_params,0.01,44.0,0.38088362205910226,0.07626986503601074,1.4493842124938965,1.5256540775299072,0.34146341463414637,0.16,0.38095238095238093,0.3225806451612903,0.0,0.0,0.549618320610687
eucl_params,0.01,45.0,0.4095615327130781,0.07701826095581055,1.431922197341919,1.5089404582977295,0.5471698113207547,0.10526315789473684,0.0,0.23333333333333334,0.0,0.5,0.6771653543307087
eucl_params_nodiv,0.01,42.0,0.3542775868147365,0.07598686218261719,1.0959861278533936,1.1719729900360107,0.4731182795698925,0.2,0.12121212121212122,0.09836065573770492,0.0,0.0,0.59375
eucl_params_nodiv,0.01,43.0,0.3312437038692327,0.07586789131164551,1.1136231422424316,1.1894910335540771,0.3516483516483517,0.43478260869565216,0.12121212121212122,0.0821917808219178,0.0,0.0,0.576
eucl_params_nodiv,0.01,44.0,0.3724137058360108,0.07760930061340332,1.111403226852417,1.1890125274658203,0.32098765432098764,0.16,0.3902439024390244,0.30303030303030304,0.0,0.0,0.549618320610687
eucl_params_nodiv,0.01,45.0,0.4123770965876229,0.07513594627380371,1.0553863048553467,1.1305222511291504,0.5576923076923077,0.10526315789473684,0.0,0.23333333333333334,0.0,0.5,0.676923076923077
eucl_raw,0.01,42.0,0.6091059475383345,2.1457672119140625e-06,1.1662771701812744,1.1662793159484863,0.6896551724137931,0.7058823529411765,0.68,0.5822784810126582,0.0,0.0,0.5428571428571428
eucl_raw,0.01,43.0,0.6259219647454941,3.5762786865234375e-06,1.1723873615264893,1.1723909378051758,0.6722689075630253,0.5909090909090909,0.7142857142857143,0.42857142857142855,0.0,0.6666666666666666,0.7160493827160493
eucl_raw,0.01,44.0,0.6735226873932757,2.6226043701171875e-06,1.102419137954712,1.102421760559082,0.76,0.37037037037037035,0.6470588235294118,0.6756756756756757,0.0,0.3333333333333333,0.725
eucl_raw,0.01,45.0,0.5897600308683325,2.384185791015625e-06,1.1750030517578125,1.1750054359436035,0.7377049180327869,0.5263157894736842,0.7,0.45614035087719296,0.0,1.0,0.5217391304347826
eucl_raw_nodiv,0.01,42.0,0.6091059475383345,4.291534423828125e-06,0.6802420616149902,0.6802463531494141,0.6896551724137931,0.7058823529411765,0.68,0.5822784810126582,0.0,0.0,0.5428571428571428
eucl_raw_nodiv,0.01,43.0,0.6259219647454941,2.86102294921875e-06,0.6587619781494141,0.6587648391723633,0.6722689075630253,0.5909090909090909,0.7142857142857143,0.42857142857142855,0.0,0.6666666666666666,0.7160493827160493
eucl_raw_nodiv,0.01,44.0,0.6735226873932757,2.6226043701171875e-06,0.7067036628723145,0.7067062854766846,0.76,0.37037037037037035,0.6470588235294118,0.6756756756756757,0.0,0.3333333333333333,0.725
eucl_raw_nodiv,0.01,45.0,0.5897600308683325,4.0531158447265625e-06,0.6444876194000244,0.6444916725158691,0.7377049180327869,0.5263157894736842,0.7,0.45614035087719296,0.0,1.0,0.5217391304347826
sta,0.01,42.0,0.6948698709046889,1.9073486328125e-06,5143.1517605781555,5143.151762485504,0.7333333333333333,0.5882352941176471,0.8085106382978723,0.631578947368421,0.0,0.0,0.7380952380952381
sta,0.01,43.0,0.7786635079206506,1.9073486328125e-06,5146.226181983948,5146.226183891296,0.6923076923076923,0.8484848484848485,0.9047619047619048,0.5538461538461539,0.0,0.6666666666666666,0.98
sta,0.01,44.0,0.7842735969437873,2.1457672119140625e-06,5381.621308803558,5381.621310949326,0.7572815533980582,0.6896551724137931,0.8,0.6197183098591549,0.0,0.6666666666666666,0.9803921568627451
sta,0.01,45.0,0.64631229268114,3.814697265625e-06,5381.525690793991,5381.525694608688,0.7166666666666667,0.5263157894736842,0.6666666666666666,0.4262295081967213,0.0,1.0,0.7710843373493976
wasps,1.0,42.0,0.6733670433585327,0.08102726936340332,1.7648367881774902,1.8458640575408936,0.6595744680851063,0.5714285714285714,0.68,0.5230769230769231,0.0,0.0,0.8703703703703703
wasps,1.0,43.0,0.7576501958600855,0.07980513572692871,1.752528429031372,1.8323335647583008,0.74,0.8387096774193549,0.6829268292682927,0.6060606060606061,0.0,0.6666666666666666,0.9245283018867925
wasps,1.0,44.0,0.7154663033457552,0.07558894157409668,1.784379243850708,1.8599681854248047,0.7474747474747475,0.5833333333333334,0.5263157894736842,0.704225352112676,0.0,0.0,0.8672566371681416
wasps,1.0,45.0,0.7174547043244945,0.07565140724182129,1.7895102500915527,1.865161657333374,0.7346938775510204,0.6666666666666666,0.6190476190476191,0.6197183098591549,0.0,0.0,0.8828828828828829
wasps_nodiv,1.0,42.0,0.43064268247090337,0.0771169662475586,1.2243945598602295,1.301511526107788,0.6590909090909091,0.3,0.07692307692307693,0.18181818181818182,0.0,0.0,0.6134969325153374
wasps_nodiv,1.0,43.0,0.5578286996351511,0.07594847679138184,1.2341053485870361,1.310053825378418,0.6222222222222222,0.6363636363636364,0.3870967741935484,0.38461538461538464,0.0,0.6666666666666666,0.6891891891891891
wasps_nodiv,1.0,44.0,0.4893825785070025,0.07562375068664551,1.22928786277771,1.3049116134643555,0.5641025641025641,0.25,0.35714285714285715,0.41935483870967744,0.0,0.0,0.6296296296296297
wasps_nodiv,1.0,45.0,0.5190924156027652,0.07569265365600586,1.2091913223266602,1.284883975982666,0.6,0.5263157894736842,0.08,0.5,0.0,0.0,0.6845637583892618
eucl_params,1.0,42.0,0.36552959140693164,0.07602262496948242,1.439549446105957,1.5155720710754395,0.34285714285714286,0.12903225806451613,0.32432432432432434,0.23529411764705882,0.0,0.0,0.5901639344262295
eucl_params,1.0,43.0,0.3933127407936006,0.07579612731933594,1.4713118076324463,1.5471079349517822,0.3655913978494624,0.1111111111111111,0.21428571428571427,0.24,0.0,0.6666666666666666,0.6870229007633588
eucl_params,1.0,44.0,0.4259240278621722,0.07591986656188965,1.452838659286499,1.5287585258483887,0.41237113402061853,0.18181818181818182,0.358974358974359,0.3333333333333333,0.0,0.0,0.6333333333333333
eucl_params,1.0,45.0,0.4479183001896984,0.07569241523742676,1.522986888885498,1.5986793041229248,0.5148514851485149,0.1,0.2222222222222222,0.3880597014925373,0.0,0.0,0.6551724137931034
eucl_params_nodiv,1.0,42.0,0.35123521245025907,0.0753026008605957,1.097886562347412,1.1731891632080078,0.4146341463414634,0.1,0.20689655172413793,0.20408163265306123,0.0,0.0,0.5542168674698795
eucl_params_nodiv,1.0,43.0,0.3199931734812866,0.0754702091217041,1.1207029819488525,1.1961731910705566,0.2608695652173913,0.1111111111111111,0.19047619047619047,0.3055555555555556,0.0,0.0,0.5241379310344828
eucl_params_nodiv,1.0,44.0,0.26550070826867944,0.07522797584533691,1.105381727218628,1.1806097030639648,0.22580645161290322,0.0,0.2222222222222222,0.17777777777777778,0.0,0.0,0.47715736040609136
eucl_params_nodiv,1.0,45.0,0.3909791777246824,0.07700538635253906,1.1217498779296875,1.1987552642822266,0.4878048780487805,0.0,0.0,0.3291139240506329,0.0,0.4,0.6344827586206897
eucl_raw,1.0,42.0,0.6001578361373879,2.384185791015625e-06,1.1802585124969482,1.1802608966827393,0.7209302325581395,0.5416666666666666,0.6792452830188679,0.5555555555555556,0.10526315789473684,0.0,0.5428571428571428
eucl_raw,1.0,43.0,0.6265803358972143,2.6226043701171875e-06,1.1992604732513428,1.199263095855713,0.6666666666666666,0.6222222222222222,0.6842105263157895,0.32,0.0,0.6666666666666666,0.8045977011494253
eucl_raw,1.0,44.0,0.6702171262138806,2.384185791015625e-06,1.1579983234405518,1.1580007076263428,0.6666666666666666,0.44,0.7058823529411765,0.5897435897435898,0.0,0.6666666666666666,0.8045977011494253
eucl_raw,1.0,45.0,0.6452398904353791,2.384185791015625e-06,1.1676318645477295,1.1676342487335205,0.7521367521367521,0.5263157894736842,0.7619047619047619,0.43636363636363634,0.0,0.0,0.725
eucl_raw_nodiv,1.0,42.0,0.5115702175915898,3.0994415283203125e-06,0.6414251327514648,0.6414282321929932,0.6363636363636364,0.47368421052631576,0.6222222222222222,0.5679012345679012,0.058823529411764705,0.0,0.3548387096774194
eucl_raw_nodiv,1.0,43.0,0.5597207580134409,3.0994415283203125e-06,0.638911247253418,0.6389143466949463,0.6341463414634146,0.5416666666666666,0.5,0.3076923076923077,0.0,0.6666666666666666,0.7160493827160493
eucl_raw_nodiv,1.0,44.0,0.5799467024813797,2.6226043701171875e-06,0.6573066711425781,0.6573092937469482,0.6846846846846847,0.3050847457627119,0.5333333333333333,0.5074626865671642,0.0,0.4,0.6578947368421053
eucl_raw_nodiv,1.0,45.0,0.5093228517213336,2.384185791015625e-06,0.6420187950134277,0.6420211791992188,0.6935483870967742,0.35294117647058826,0.7,0.2222222222222222,0.0,1.0,0.5
sta,1.0,42.0,0.5458366924482402,1.9073486328125e-06,5100.929770231247,5100.929772138596,0.7294117647058823,0.25806451612903225,0.4,0.4727272727272727,0.05714285714285714,0.0,0.6071428571428571
sta,1.0,43.0,0.6020558552915036,2.384185791015625e-06,5114.009213924408,5114.009216308594,0.6792452830188679,0.6153846153846154,0.625,0.1276595744680851,0.0,0.6666666666666666,0.8717948717948718
sta,1.0,44.0,0.6384448179271708,2.1457672119140625e-06,5344.022856473923,5344.02285861969,0.6444444444444445,0.48,0.5882352941176471,0.5142857142857142,0.0,0.6666666666666666,0.8095238095238095
sta,1.0,45.0,0.5182657697927822,3.337860107421875e-06,5343.423711776733,5343.4237151145935,0.7524752475247525,0.35294117647058826,0.3448275862068966,0.2222222222222222,0.0,0.6666666666666666,0.6415094339622641
wasps,100.0,42.0,0.6676533829358665,0.07513141632080078,1.8254740238189697,1.9006054401397705,0.6595744680851063,0.5714285714285714,0.6530612244897959,0.5230769230769231,0.0,0.0,0.8623853211009175
wasps,100.0,43.0,0.7553590624815192,0.07564020156860352,1.8103289604187012,1.8859691619873047,0.7326732673267327,0.8666666666666667,0.6829268292682927,0.6060606060606061,0.0,0.6666666666666666,0.9158878504672897
wasps,100.0,44.0,0.6989362231675343,0.07583880424499512,1.786325454711914,1.8621642589569092,0.7142857142857143,0.56,0.5405405405405406,0.6575342465753424,0.0,0.0,0.875
wasps,100.0,45.0,0.7170555321308973,0.07567381858825684,1.8303015232086182,1.905975341796875,0.7346938775510204,0.6666666666666666,0.6341463414634146,0.6197183098591549,0.0,0.0,0.875
wasps_nodiv,100.0,42.0,0.39639097155171216,0.07544541358947754,1.2495479583740234,1.324993371963501,0.6444444444444445,0.3,0.0,0.0975609756097561,0.0,0.0,0.6024096385542169
wasps_nodiv,100.0,43.0,0.5253457589777484,0.07958865165710449,1.283118486404419,1.3627071380615234,0.5617977528089888,0.5714285714285714,0.375,0.35294117647058826,0.0,0.6666666666666666,0.68
wasps_nodiv,100.0,44.0,0.48967107804911864,0.0760812759399414,1.2152597904205322,1.2913410663604736,0.5641025641025641,0.25,0.35714285714285715,0.4262295081967213,0.0,0.0,0.6257668711656442
wasps_nodiv,100.0,45.0,0.5190924156027652,0.07535672187805176,1.2332448959350586,1.3086016178131104,0.6,0.5263157894736842,0.08,0.5,0.0,0.0,0.6845637583892618
eucl_params,100.0,42.0,0.3580062176175054,0.07588386535644531,1.4709911346435547,1.546875,0.44155844155844154,0.16216216216216217,0.17142857142857143,0.2028985507246377,0.0,0.0,0.5511811023622047
eucl_params,100.0,43.0,0.4266624996363257,0.07675290107727051,1.5073707103729248,1.5841236114501953,0.46808510638297873,0.18181818181818182,0.25806451612903225,0.3157894736842105,0.0,0.0,0.639344262295082
eucl_params,100.0,44.0,0.38809563418610027,0.07555985450744629,1.4656298160552979,1.5411896705627441,0.3516483516483517,0.23076923076923078,0.3673469387755102,0.26865671641791045,0.0,0.0,0.5892857142857143
eucl_params,100.0,45.0,0.41589881517189164,0.07536458969116211,1.4677412509918213,1.5431058406829834,0.4528301886792453,0.08695652173913043,0.2857142857142857,0.3225806451612903,0.0,0.0,0.6260869565217392
eucl_params_nodiv,100.0,42.0,0.3104124691669381,0.07936930656433105,1.0811710357666016,1.1605403423309326,0.367816091954023,0.09523809523809523,0.08695652173913043,0.17391304347826086,0.0,0.0,0.5325443786982249
eucl_params_nodiv,100.0,43.0,0.33329754757331786,0.0758829116821289,1.071453332901001,1.1473362445831299,0.3157894736842105,0.13333333333333333,0.18604651162790697,0.2608695652173913,0.0,0.0,0.5454545454545454
eucl_params_nodiv,100.0,44.0,0.20541633600997125,0.07575440406799316,1.1052780151367188,1.181032419204712,0.14035087719298245,0.0,0.08333333333333333,0.09302325581395349,0.0,0.0,0.47115384615384615
eucl_params_nodiv,100.0,45.0,0.35705564387917327,0.07544422149658203,1.1217355728149414,1.1971797943115234,0.40540540540540543,0.0,0.0,0.3058823529411765,0.0,0.5,0.6081081081081081
eucl_raw,100.0,42.0,0.7537747168346246,2.384185791015625e-06,1.226836919784546,1.226839303970337,0.7916666666666666,0.7096774193548387,0.7636363636363637,0.676923076923077,0.0,0.6666666666666666,0.8131868131868132
eucl_raw,100.0,43.0,0.7555335110527973,1.9073486328125e-06,1.2126338481903076,1.2126357555389404,0.7450980392156863,0.8235294117647058,0.7659574468085106,0.5714285714285714,0.0,0.6666666666666666,0.9052631578947369
eucl_raw,100.0,44.0,0.7236395841037881,2.1457672119140625e-06,1.2129061222076416,1.2129082679748535,0.6739130434782609,0.6486486486486487,0.8095238095238095,0.6578947368421053,0.0,0.0,0.8571428571428571
eucl_raw,100.0,45.0,0.6885235567414013,1.9073486328125e-06,1.2232675552368164,1.2232694625854492,0.8181818181818182,0.45161290322580644,0.7346938775510204,0.5172413793103449,0.0,0.0,0.7865168539325843
eucl_raw_nodiv,100.0,42.0,0.4209018857301578,2.1457672119140625e-06,0.7048070430755615,0.7048091888427734,0.6666666666666666,0.2127659574468085,0.3225806451612903,0.49230769230769234,0.03773584905660377,0.0,0.2702702702702703
eucl_raw_nodiv,100.0,43.0,0.5330262191670257,5.4836273193359375e-06,0.6745123863220215,0.6745178699493408,0.6942148760330579,0.38461538461538464,0.5142857142857142,0.05263157894736842,0.18181818181818182,0.6666666666666666,0.7777777777777778
eucl_raw_nodiv,100.0,44.0,0.5961791191264876,3.814697265625e-06,0.6517195701599121,0.6517233848571777,0.6363636363636364,0.38461538461538464,0.5454545454545454,0.5454545454545454,0.0,0.6666666666666666,0.6947368421052632
eucl_raw_nodiv,100.0,45.0,0.38694962980944286,3.337860107421875e-06,0.6667420864105225,0.6667454242706299,0.7102803738317757,0.0,0.4666666666666667,0.0,0.0,0.6666666666666666,0.4318181818181818
sta,100.0,42.0,0.5266138708084446,2.1457672119140625e-06,5090.9194922447205,5090.919494390488,0.7209302325581395,0.25,0.3448275862068966,0.4528301886792453,0.05555555555555555,0.0,0.5892857142857143
sta,100.0,43.0,0.5818518553177828,2.86102294921875e-06,5090.689106464386,5090.689109325409,0.6792452830188679,0.5555555555555556,0.5806451612903226,0.13043478260869565,0.0,0.6666666666666666,0.8360655737704918
sta,100.0,44.0,0.6176105878531569,2.1457672119140625e-06,5325.087811231613,5325.08781337738,0.651685393258427,0.5,0.5161290322580645,0.5,0.0,0.6666666666666666,0.7669172932330827
sta,100.0,45.0,0.5063332694845143,2.1457672119140625e-06,5325.132049560547,5325.132051706314,0.74,0.35294117647058826,0.35714285714285715,0.18181818181818182,0.0,0.6666666666666666,0.6355140186915887
wasps,0.001,42.0,0.6648676687297377,0.0752098560333252,1.7786023616790771,1.8538122177124023,0.6666666666666666,0.6666666666666666,0.5555555555555556,0.5230769230769231,0.0,0.0,0.8620689655172413
wasps,0.001,43.0,0.7117852375099261,0.07894587516784668,1.7887613773345947,1.8677072525024414,0.6732673267326733,0.7096774193548387,0.7222222222222222,0.48484848484848486,0.0,0.4,0.9444444444444444
wasps,0.001,44.0,0.7044331338154726,0.07577824592590332,1.7993872165679932,1.8751654624938965,0.7446808510638298,0.45454545454545453,0.47368421052631576,0.675,0.0,0.0,0.9107142857142857
wasps,0.001,45.0,0.6615671988893479,0.07573604583740234,1.8248279094696045,1.9005639553070068,0.6597938144329897,0.6086956521739131,0.4375,0.6153846153846154,0.0,0.5,0.8392857142857143
wasps_nodiv,0.001,42.0,0.679868350229262,0.07637476921081543,1.200434684753418,1.2768094539642334,0.6601941747572816,0.7407407407407407,0.6111111111111112,0.53125,0.0,0.0,0.8695652173913043
wasps_nodiv,0.001,43.0,0.6890889827056402,0.07601237297058105,1.203641653060913,1.2796540260314941,0.64,0.7096774193548387,0.7222222222222222,0.4375,0.0,0.2857142857142857,0.9357798165137615
wasps_nodiv,0.001,44.0,0.7164766111939902,0.07909893989562988,1.2128965854644775,1.2919955253601074,0.7659574468085106,0.5,0.5128205128205128,0.675,0.0,0.0,0.9026548672566371
wasps_nodiv,0.001,45.0,0.6557160603371783,0.07681679725646973,1.2065024375915527,1.2833192348480225,0.66,0.6086956521739131,0.4375,0.5866666666666667,0.0,0.5,0.8392857142857143
eucl_params,0.001,42.0,0.3477576804915515,0.07533001899719238,1.4851713180541992,1.5605013370513916,0.4731182795698925,0.2,0.12121212121212122,0.06666666666666667,0.0,0.0,0.59375
eucl_params,0.001,43.0,0.3312437038692327,0.07531189918518066,1.4397966861724854,1.515108585357666,0.3516483516483517,0.43478260869565216,0.12121212121212122,0.0821917808219178,0.0,0.0,0.576
eucl_params,0.001,44.0,0.3965382158824782,0.07590508460998535,1.4485111236572266,1.524416208267212,0.38095238095238093,0.16666666666666666,0.38095238095238093,0.32786885245901637,0.0,0.0,0.5606060606060606
eucl_params,0.001,45.0,0.4095615327130781,0.07970356941223145,1.4737844467163086,1.55348801612854,0.5471698113207547,0.10526315789473684,0.0,0.23333333333333334,0.0,0.5,0.6771653543307087
eucl_params_nodiv,0.001,42.0,0.3477576804915515,0.07552552223205566,1.130039930343628,1.2055654525756836,0.4731182795698925,0.2,0.12121212121212122,0.06666666666666667,0.0,0.0,0.59375
eucl_params_nodiv,0.001,43.0,0.3312437038692327,0.07610487937927246,1.1053366661071777,1.1814415454864502,0.3516483516483517,0.43478260869565216,0.12121212121212122,0.0821917808219178,0.0,0.0,0.576
eucl_params_nodiv,0.001,44.0,0.3965382158824782,0.07903552055358887,1.1526947021484375,1.2317302227020264,0.38095238095238093,0.16666666666666666,0.38095238095238093,0.32786885245901637,0.0,0.0,0.5606060606060606
eucl_params_nodiv,0.001,45.0,0.4095615327130781,0.07562589645385742,1.0756471157073975,1.1512730121612549,0.5471698113207547,0.10526315789473684,0.0,0.23333333333333334,0.0,0.5,0.6771653543307087
eucl_raw,0.001,42.0,0.6091059475383345,2.384185791015625e-06,1.1715736389160156,1.1715760231018066,0.6896551724137931,0.7058823529411765,0.68,0.5822784810126582,0.0,0.0,0.5428571428571428
eucl_raw,0.001,43.0,0.6259219647454941,2.1457672119140625e-06,1.1390955448150635,1.1390976905822754,0.6722689075630253,0.5909090909090909,0.7142857142857143,0.42857142857142855,0.0,0.6666666666666666,0.7160493827160493
eucl_raw,0.001,44.0,0.6735226873932757,2.6226043701171875e-06,1.1765308380126953,1.1765334606170654,0.76,0.37037037037037035,0.6470588235294118,0.6756756756756757,0.0,0.3333333333333333,0.725
eucl_raw,0.001,45.0,0.5897600308683325,2.384185791015625e-06,1.1855719089508057,1.1855742931365967,0.7377049180327869,0.5263157894736842,0.7,0.45614035087719296,0.0,1.0,0.5217391304347826
eucl_raw_nodiv,0.001,42.0,0.6091059475383345,2.6226043701171875e-06,0.6585216522216797,0.6585242748260498,0.6896551724137931,0.7058823529411765,0.68,0.5822784810126582,0.0,0.0,0.5428571428571428
eucl_raw_nodiv,0.001,43.0,0.6259219647454941,2.384185791015625e-06,0.7151534557342529,0.715155839920044,0.6722689075630253,0.5909090909090909,0.7142857142857143,0.42857142857142855,0.0,0.6666666666666666,0.7160493827160493
eucl_raw_nodiv,0.001,44.0,0.6735226873932757,2.1457672119140625e-06,0.6518871784210205,0.6518893241882324,0.76,0.37037037037037035,0.6470588235294118,0.6756756756756757,0.0,0.3333333333333333,0.725
eucl_raw_nodiv,0.001,45.0,0.5897600308683325,3.814697265625e-06,0.6686804294586182,0.6686842441558838,0.7377049180327869,0.5263157894736842,0.7,0.45614035087719296,0.0,1.0,0.5217391304347826
sta,0.001,42.0,0.732925347075554,3.0994415283203125e-06,5090.220777750015,5090.220780849457,0.7555555555555555,0.625,0.875,0.631578947368421,0.0,0.0,0.8089887640449438
sta,0.001,43.0,0.8180888400993617,2.1457672119140625e-06,5090.201215982437,5090.201218128204,0.74,0.875,0.9545454545454546,0.6268656716417911,0.0,0.6666666666666666,0.9900990099009901
sta,0.001,44.0,0.805346608668492,2.1457672119140625e-06,5311.580246210098,5311.5802483558655,0.7755102040816326,0.6923076923076923,0.8571428571428571,0.6666666666666666,0.0,0.3333333333333333,0.9900990099009901
sta,0.001,45.0,0.7327181188810605,2.384185791015625e-06,5311.624442100525,5311.624444484711,0.7747747747747747,0.5263157894736842,0.7368421052631579,0.684931506849315,0.0,1.0,0.8
wasps,0.1,42.0,0.6840081135644378,0.07547521591186523,1.7877779006958008,1.863253116607666,0.6666666666666666,0.5925925925925926,0.6666666666666666,0.5245901639344263,0.0,0.0,0.8990825688073395
wasps,0.1,43.0,0.7642914862914861,0.07558512687683105,1.8031768798828125,1.8787620067596436,0.7272727272727273,0.875,0.7555555555555555,0.5454545454545454,0.0,0.6666666666666666,0.9607843137254902
wasps,0.1,44.0,0.7498223698781838,0.07515883445739746,1.824636697769165,1.8997955322265625,0.7291666666666666,0.6666666666666666,0.6511627906976745,0.6933333333333334,0.0,0.0,0.9333333333333333
wasps,0.1,45.0,0.7617628337176768,0.09399700164794922,1.7873952388763428,1.881392240524292,0.8155339805825242,0.6666666666666666,0.6511627906976745,0.7076923076923077,0.0,0.0,0.8828828828828829
wasps_nodiv,0.1,42.0,0.4500537035475088,0.07698392868041992,1.2465250492095947,1.3235089778900146,0.6451612903225806,0.4166666666666667,0.13793103448275862,0.13043478260869565,0.0,0.0,0.6711409395973155
wasps_nodiv,0.1,43.0,0.5949259176863181,0.07547163963317871,1.2063188552856445,1.2817904949188232,0.6236559139784946,0.72,0.42424242424242425,0.41379310344827586,0.0,0.6666666666666666,0.7555555555555555
wasps_nodiv,0.1,44.0,0.5710138062954625,0.07967090606689453,1.266465425491333,1.3461363315582275,0.6666666666666666,0.25,0.45161290322580644,0.5373134328358209,0.0,0.0,0.6891891891891891
wasps_nodiv,0.1,45.0,0.5883649871255505,0.07510948181152344,1.211357831954956,1.2864673137664795,0.6818181818181818,0.6,0.15384615384615385,0.6060606060606061,0.0,0.0,0.7183098591549296
eucl_params,0.1,42.0,0.38846160121329304,0.07550859451293945,1.4475367069244385,1.523045301437378,0.5,0.12121212121212122,0.11764705882352941,0.2,0.0,0.0,0.6371681415929203
eucl_params,0.1,43.0,0.3856306393525152,0.07949447631835938,1.4666979312896729,1.5461924076080322,0.3655913978494624,0.4166666666666667,0.12121212121212122,0.14705882352941177,0.0,0.6666666666666666,0.6825396825396826
eucl_params,0.1,44.0,0.4007244663475363,0.07561326026916504,1.4152812957763672,1.4908945560455322,0.4329896907216495,0.08333333333333333,0.32432432432432434,0.31746031746031744,0.0,0.0,0.5806451612903226
eucl_params,0.1,45.0,0.44422862686849257,0.07557964324951172,1.4652457237243652,1.540825366973877,0.5794392523364486,0.10526315789473684,0.06896551724137931,0.23333333333333334,0.0,0.5,0.736
eucl_params_nodiv,0.1,42.0,0.41301043446707425,0.07648754119873047,1.124068260192871,1.2005558013916016,0.5242718446601942,0.16666666666666666,0.13333333333333333,0.2033898305084746,0.0,0.0,0.676923076923077
eucl_params_nodiv,0.1,43.0,0.39346473251041075,0.07563972473144531,1.1061820983886719,1.1818218231201172,0.3116883116883117,0.2857142857142857,0.29411764705882354,0.25316455696202533,0.0,0.6666666666666666,0.6466165413533834
eucl_params_nodiv,0.1,44.0,0.35564572468688155,0.07910561561584473,1.1363859176635742,1.215491533279419,0.38636363636363635,0.0,0.1935483870967742,0.3333333333333333,0.0,0.0,0.5379310344827586
eucl_params_nodiv,0.1,45.0,0.38301961902574866,0.07532715797424316,1.0544965267181396,1.1298236846923828,0.49504950495049505,0.10526315789473684,0.0,0.23728813559322035,0.0,0.5,0.6323529411764706
eucl_raw,0.1,42.0,0.6091059475383345,2.6226043701171875e-06,1.169177770614624,1.1691803932189941,0.6896551724137931,0.7058823529411765,0.68,0.5822784810126582,0.0,0.0,0.5428571428571428
eucl_raw,0.1,43.0,0.6259219647454941,3.0994415283203125e-06,1.1524114608764648,1.1524145603179932,0.6722689075630253,0.5909090909090909,0.7142857142857143,0.42857142857142855,0.0,0.6666666666666666,0.7160493827160493
eucl_raw,0.1,44.0,0.6666608144878384,2.86102294921875e-06,1.1892950534820557,1.1892979145050049,0.7524752475247525,0.37037037037037035,0.6470588235294118,0.6486486486486487,0.0,0.4,0.725
eucl_raw,0.1,45.0,0.5897600308683325,2.1457672119140625e-06,1.1758334636688232,1.1758356094360352,0.7377049180327869,0.5263157894736842,0.7,0.45614035087719296,0.0,1.0,0.5217391304347826
eucl_raw_nodiv,0.1,42.0,0.6091059475383345,2.86102294921875e-06,0.6512131690979004,0.6512160301208496,0.6896551724137931,0.7058823529411765,0.68,0.5822784810126582,0.0,0.0,0.5428571428571428
eucl_raw_nodiv,0.1,43.0,0.6259219647454941,3.5762786865234375e-06,0.6674191951751709,0.6674227714538574,0.6722689075630253,0.5909090909090909,0.7142857142857143,0.42857142857142855,0.0,0.6666666666666666,0.7160493827160493
eucl_raw_nodiv,0.1,44.0,0.6666608144878384,3.5762786865234375e-06,0.6936624050140381,0.6936659812927246,0.7524752475247525,0.37037037037037035,0.6470588235294118,0.6486486486486487,0.0,0.4,0.725
eucl_raw_nodiv,0.1,45.0,0.5897600308683325,2.384185791015625e-06,0.7083158493041992,0.7083182334899902,0.7377049180327869,0.5263157894736842,0.7,0.45614035087719296,0.0,1.0,0.5217391304347826
sta,0.1,42.0,0.6257020645719097,1.6689300537109375e-06,5080.525123119354,5080.525124788284,0.6746987951807228,0.35294117647058826,0.6976744186046512,0.5555555555555556,0.07407407407407407,0.0,0.7191011235955056
sta,0.1,43.0,0.6756350273997332,2.6226043701171875e-06,5079.607865571976,5079.60786819458,0.6666666666666666,0.6666666666666666,0.7567567567567568,0.27450980392156865,0.0,0.6666666666666666,0.9615384615384616
sta,0.1,44.0,0.7296941548380966,2.384185791015625e-06,5306.060111999512,5306.0601143836975,0.6666666666666666,0.6206896551724138,0.717948717948718,0.6153846153846154,0.0,0.6666666666666666,0.9357798165137615
sta,0.1,45.0,0.5777324231745483,3.0994415283203125e-06,5305.947961091995,5305.947964191437,0.7818181818181819,0.35294117647058826,0.5882352941176471,0.20833333333333334,0.0,1.0,0.7096774193548387
wasps,10.0,42.0,0.6676533829358665,0.07616066932678223,1.8458588123321533,1.9220194816589355,0.6595744680851063,0.5714285714285714,0.6530612244897959,0.5230769230769231,0.0,0.0,0.8623853211009175
wasps,10.0,43.0,0.7553590624815192,0.07517695426940918,1.8061864376068115,1.8813633918762207,0.7326732673267327,0.8666666666666667,0.6829268292682927,0.6060606060606061,0.0,0.6666666666666666,0.9158878504672897
wasps,10.0,44.0,0.709799543205177,0.07595086097717285,1.7686338424682617,1.8445847034454346,0.74,0.56,0.5405405405405406,0.676056338028169,0.0,0.0,0.875
wasps,10.0,45.0,0.7173173139232912,0.0756688117980957,1.788299798965454,1.8639686107635498,0.7272727272727273,0.6666666666666666,0.6341463414634146,0.6197183098591549,0.0,0.0,0.8828828828828829
wasps_nodiv,10.0,42.0,0.40769512906015254,0.07534193992614746,1.2681448459625244,1.3434867858886719,0.651685393258427,0.3,0.0,0.14285714285714285,0.0,0.0,0.6024096385542169
wasps_nodiv,10.0,43.0,0.517256894822815,0.07546019554138184,1.2744345664978027,1.3498947620391846,0.5617977528089888,0.5714285714285714,0.375,0.32,0.0,0.6666666666666666,0.6754966887417219
wasps_nodiv,10.0,44.0,0.4792257548053515,0.07537460327148438,1.2438881397247314,1.3192627429962158,0.5641025641025641,0.13333333333333333,0.35714285714285715,0.4262295081967213,0.0,0.0,0.6219512195121951
wasps_nodiv,10.0,45.0,0.5253683375801799,0.07521843910217285,1.262723684310913,1.337942123413086,0.6172839506172839,0.5263157894736842,0.08,0.5074626865671642,0.0,0.0,0.6845637583892618
eucl_params,10.0,42.0,0.36103073861123397,0.07571125030517578,1.4287796020507812,1.504490852355957,0.42105263157894735,0.17142857142857143,0.17647058823529413,0.2222222222222222,0.0,0.0,0.5625
eucl_params,10.0,43.0,0.4136358365259389,0.07524919509887695,1.4439873695373535,1.5192365646362305,0.44680851063829785,0.17391304347826086,0.20689655172413793,0.3076923076923077,0.0,0.0,0.6446280991735537
eucl_params,10.0,44.0,0.4040390518863198,0.07569026947021484,1.417940378189087,1.4936306476593018,0.34408602150537637,0.23076923076923078,0.40816326530612246,0.2727272727272727,0.0,0.0,0.6306306306306306
eucl_params,10.0,45.0,0.4280532386867791,0.07559871673583984,1.4663727283477783,1.5419714450836182,0.45714285714285713,0.17391304347826086,0.2857142857142857,0.31746031746031744,0.0,0.0,0.6434782608695652
eucl_params_nodiv,10.0,42.0,0.32174728470532377,0.0753633975982666,1.0611214637756348,1.1364848613739014,0.367816091954023,0.09523809523809523,0.16666666666666666,0.16666666666666666,0.0,0.0,0.5421686746987951
eucl_params_nodiv,10.0,43.0,0.3337857681246963,0.0762946605682373,1.0908355712890625,1.1671302318572998,0.32,0.125,0.18604651162790697,0.2608695652173913,0.0,0.0,0.5454545454545454
eucl_params_nodiv,10.0,44.0,0.21227950266450438,0.07544922828674316,1.1158485412597656,1.1912977695465088,0.1724137931034483,0.0,0.08333333333333333,0.09090909090909091,0.0,0.0,0.46601941747572817
eucl_params_nodiv,10.0,45.0,0.35696505451495664,0.07549214363098145,1.1247563362121582,1.2002484798431396,0.410958904109589,0.0,0.0,0.30952380952380953,0.0,0.5,0.6
eucl_raw,10.0,42.0,0.728467225459222,5.0067901611328125e-06,1.1458303928375244,1.1458353996276855,0.7640449438202247,0.6666666666666666,0.7547169811320755,0.6376811594202898,0.0,0.6666666666666666,0.7956989247311828
eucl_raw,10.0,43.0,0.7309494185738667,1.9073486328125e-06,1.1753509044647217,1.1753528118133545,0.7169811320754716,0.7567567567567568,0.7727272727272727,0.5084745762711864,0.0,0.6666666666666666,0.9072164948453608
eucl_raw,10.0,44.0,0.7424878400517497,2.384185791015625e-06,1.1684370040893555,1.1684393882751465,0.6947368421052632,0.7222222222222222,0.7619047619047619,0.6486486486486487,0.0,0.0,0.9090909090909091
eucl_raw,10.0,45.0,0.6733254830158855,2.1457672119140625e-06,1.1604180335998535,1.1604201793670654,0.7927927927927928,0.5185185185185185,0.7058823529411765,0.45614035087719296,0.0,0.0,0.7954545454545454
eucl_raw_nodiv,10.0,42.0,0.45117183744801104,2.1457672119140625e-06,0.6351830959320068,0.6351852416992188,0.6835443037974683,0.23809523809523808,0.47368421052631576,0.4927536231884058,0.04,0.0,0.2857142857142857
eucl_raw_nodiv,10.0,43.0,0.5760390764760512,2.1457672119140625e-06,0.7231719493865967,0.7231740951538086,0.6890756302521008,0.46153846153846156,0.5405405405405406,0.2222222222222222,0.2222222222222222,0.6666666666666666,0.7764705882352941
eucl_raw_nodiv,10.0,44.0,0.6051256388939027,2.6226043701171875e-06,0.6808021068572998,0.6808047294616699,0.651685393258427,0.3793103448275862,0.5161290322580645,0.6172839506172839,0.0,0.6666666666666666,0.6744186046511628
eucl_raw_nodiv,10.0,45.0,0.45022765937051645,2.384185791015625e-06,0.6820409297943115,0.6820433139801025,0.7747747747747747,0.0,0.6285714285714286,0.05128205128205128,0.0,1.0,0.4691358024691358
sta,10.0,42.0,0.5373349019853355,2.1457672119140625e-06,5089.533903598785,5089.533905744553,0.7294117647058823,0.25806451612903225,0.3448275862068966,0.4727272727272727,0.05714285714285714,0.0,0.6017699115044248
sta,10.0,43.0,0.5821243302352119,2.1457672119140625e-06,5092.061298131943,5092.06130027771,0.6728971962616822,0.5555555555555556,0.5806451612903226,0.13043478260869565,0.0,0.6666666666666666,0.8429752066115702
sta,10.0,44.0,0.6176105878531569,2.1457672119140625e-06,5309.331879615784,5309.331881761551,0.651685393258427,0.5,0.5161290322580645,0.5,0.0,0.6666666666666666,0.7669172932330827
sta,10.0,45.0,0.5063332694845143,2.384185791015625e-06,5309.39840054512,5309.398402929306,0.74,0.35294117647058826,0.35714285714285715,0.18181818181818182,0.0,0.6666666666666666,0.6355140186915887
wasps,10000.0,42,0.6649614560711489,0.07531332969665527,1.83469557762146,1.9100089073181152,0.6666666666666666,0.5925925925925926,0.6,0.5507246376811594,0.0,0.0,0.8440366972477065
wasps,10000.0,43,0.6831760386323493,0.0753788948059082,1.8258581161499023,1.9012370109558105,0.6296296296296297,0.6923076923076923,0.65,0.48484848484848486,0.5,0.6666666666666666,0.8932038834951457
wasps,10000.0,44,0.6250128712444503,0.07547211647033691,1.7901713848114014,1.8656435012817383,0.7070707070707071,0.18181818181818182,0.47368421052631576,0.5866666666666667,0.0,0.0,0.8108108108108109
wasps,10000.0,45,0.6689643307886298,0.07535576820373535,1.8269004821777344,1.9022562503814697,0.7115384615384616,0.5833333333333334,0.4444444444444444,0.5866666666666667,0.0,0.0,0.8598130841121495
wasps_nodiv,10000.0,42,0.43626092401893124,0.0791771411895752,1.278590202331543,1.3577673435211182,0.6292134831460674,0.19047619047619047,0.08,0.27450980392156865,0.0,0.0,0.6242038216560509
wasps_nodiv,10000.0,43,0.4756663563059835,0.07606029510498047,1.2488651275634766,1.324925422668457,0.5050505050505051,0.3157894736842105,0.21428571428571427,0.37037037037037035,0.0,0.6666666666666666,0.6901408450704225
wasps_nodiv,10000.0,44,0.4489648567119155,0.0758669376373291,1.2514586448669434,1.3273255825042725,0.5384615384615384,0.13333333333333333,0.16,0.4117647058823529,0.0,0.0,0.6375
wasps_nodiv,10000.0,45,0.4770635789912898,0.07559704780578613,1.2141587734222412,1.2897558212280273,0.5060240963855421,0.45454545454545453,0.08333333333333333,0.4722222222222222,0.0,0.0,0.6666666666666666
eucl_params,10000.0,42,0.37842814678498987,0.0767817497253418,1.492438793182373,1.5692205429077148,0.475,0.2222222222222222,0.11764705882352941,0.22535211267605634,0.0,0.0,0.5806451612903226
eucl_params,10000.0,43,0.4473945891720744,0.07504844665527344,1.4254624843597412,1.5005109310150146,0.46938775510204084,0.19047619047619047,0.3225806451612903,0.3333333333333333,0.0,0.0,0.6666666666666666
eucl_params,10000.0,44,0.38950398996724084,0.07694673538208008,1.440873622894287,1.5178203582763672,0.34408602150537637,0.25,0.3404255319148936,0.24242424242424243,0.0,0.0,0.6260869565217392
eucl_params,10000.0,45,0.4160839860956071,0.0756216049194336,1.4521942138671875,1.527815818786621,0.45714285714285713,0.08695652173913043,0.2777777777777778,0.3225806451612903,0.0,0.0,0.6260869565217392
eucl_params_nodiv,10000.0,42,0.31036349588987144,0.07526969909667969,1.1041295528411865,1.1793992519378662,0.36363636363636365,0.09523809523809523,0.08695652173913043,0.1702127659574468,0.0,0.0,0.5389221556886228
eucl_params_nodiv,10000.0,43,0.3086387806885678,0.0756986141204834,1.0954396724700928,1.1711382865905762,0.2972972972972973,0.13333333333333333,0.13953488372093023,0.2535211267605634,0.0,0.0,0.5034965034965035
eucl_params_nodiv,10000.0,44,0.20107245683676886,0.07589292526245117,1.0979821681976318,1.173875093460083,0.13793103448275862,0.0,0.0,0.13333333333333333,0.0,0.0,0.46601941747572817
eucl_params_nodiv,10000.0,45,0.35685783354437667,0.0753321647644043,1.0861546993255615,1.1614868640899658,0.4,0.0,0.0,0.3058823529411765,0.0,0.4,0.6164383561643836
eucl_raw,10000.0,42,0.7602444855095812,2.1457672119140625e-06,1.2103791236877441,1.210381269454956,0.8041237113402062,0.6875,0.7692307692307693,0.696969696969697,0.0,0.6666666666666666,0.8131868131868132
eucl_raw,10000.0,43,0.7555238669630532,2.384185791015625e-06,1.1708059310913086,1.1708083152770996,0.7450980392156863,0.8484848484848485,0.75,0.5714285714285714,0.0,0.6666666666666666,0.9052631578947369
eucl_raw,10000.0,44,0.7247697209360862,3.337860107421875e-06,1.2045719623565674,1.2045753002166748,0.6813186813186813,0.5714285714285714,0.8095238095238095,0.6835443037974683,0.0,0.0,0.8571428571428571
eucl_raw,10000.0,45,0.6782079478440325,2.1457672119140625e-06,1.1555776596069336,1.1555798053741455,0.8181818181818182,0.45161290322580644,0.6808510638297872,0.5,0.0,0.0,0.7865168539325843
eucl_raw_nodiv,10000.0,42,0.4086113653927719,1.9073486328125e-06,0.6998405456542969,0.6998424530029297,0.6666666666666666,0.21739130434782608,0.2,0.4838709677419355,0.03636363636363636,0.0,0.2857142857142857
eucl_raw_nodiv,10000.0,43,0.533948717948718,2.384185791015625e-06,0.68585205078125,0.685854434967041,0.6833333333333333,0.38461538461538464,0.48484848484848486,0.10256410256410256,0.16666666666666666,0.6666666666666666,0.7692307692307693
eucl_raw_nodiv,10000.0,44,0.5712086442193842,2.1457672119140625e-06,0.6361813545227051,0.636183500289917,0.6292134831460674,0.37037037037037035,0.45161290322580644,0.5263157894736842,0.0,0.6666666666666666,0.6736842105263158
eucl_raw_nodiv,10000.0,45,0.36545473574045007,2.384185791015625e-06,0.6711933612823486,0.6711957454681396,0.6923076923076923,0.0,0.35714285714285715,0.0,0.0,0.6666666666666666,0.4222222222222222
sta,10000.0,42,0.490900273624495,2.1457672119140625e-06,5092.748887062073,5092.74888920784,0.6818181818181818,0.20689655172413793,0.2222222222222222,0.39285714285714285,0.06666666666666667,0.0,0.6101694915254238
sta,10000.0,43,0.5715246602181392,2.384185791015625e-06,5089.99196267128,5089.991965055466,0.5882352941176471,0.5161290322580645,0.7058823529411765,0.19607843137254902,0.0,0.6666666666666666,0.7967479674796748
sta,10000.0,44,0.5927352506264398,1.9073486328125e-06,5315.093562841415,5315.093564748764,0.6153846153846154,0.5454545454545454,0.5161290322580645,0.417910447761194,0.0,0.6666666666666666,0.7611940298507462
sta,10000.0,45,0.5223883534740678,3.5762786865234375e-06,5314.8639504909515,5314.86395406723,0.72,0.3333333333333333,0.35714285714285715,0.36363636363636365,0.0,0.0,0.6126126126126126
