method,gamma,seed,f1,train_time,test_time,total_time,f1_class_0,f1_class_1,f1_class_4,f1_class_5
wasps,1.0,42.0,0.468993993993994,0.030283212661743164,1.3673110008239746,1.3975942134857178,0.8648648648648649,0.2777777777777778,0.3333333333333333,0.4
wasps,1.0,43.0,0.5436919051828507,0.030079126358032227,1.5097784996032715,1.5398576259613037,0.8717948717948718,0.3225806451612903,0.5106382978723404,0.46153846153846156
wasps,1.0,44.0,0.5326291319894819,0.030214548110961914,1.370971441268921,1.4011859893798828,0.8,0.4117647058823529,0.43902439024390244,0.47368421052631576
wasps,1.0,45.0,0.49434551431767115,0.030054092407226562,1.5490477085113525,1.579101800918579,0.7391304347826086,0.3448275862068966,0.4489795918367347,0.4444444444444444
wasps,1.0,46.0,0.6327228544333807,0.03255176544189453,1.6207852363586426,1.653337001800537,0.85,0.5405405405405406,0.6666666666666666,0.47368421052631576
wasps_nodiv,1.0,42.0,0.4449599592640471,0.04251241683959961,0.5186281204223633,0.5611405372619629,0.8648648648648649,0.1875,0.45161290322580644,0.27586206896551724
wasps_nodiv,1.0,43.0,0.46130392500326295,0.03210163116455078,0.5799503326416016,0.6120519638061523,0.8,0.13793103448275862,0.49056603773584906,0.4117647058823529
wasps_nodiv,1.0,44.0,0.5160872934754529,0.0747528076171875,0.519597053527832,0.5943498611450195,0.8695652173913043,0.42105263157894735,0.4489795918367347,0.32
wasps_nodiv,1.0,45.0,0.4785952398701093,0.04686117172241211,0.5668721199035645,0.6137332916259766,0.723404255319149,0.41379310344827586,0.35294117647058826,0.42424242424242425
wasps_nodiv,1.0,46.0,0.5602809706257983,0.09454965591430664,0.592519998550415,0.6870696544647217,0.8095238095238095,0.3448275862068966,0.6296296296296297,0.45714285714285713
eucl_params,1.0,42.0,0.46142257818459187,0.040309906005859375,0.8840959072113037,0.9244058132171631,0.7,0.391304347826087,0.42105263157894735,0.3333333333333333
eucl_params,1.0,43.0,0.41735141735141734,0.03268098831176758,0.9492843151092529,0.9819653034210205,0.43243243243243246,0.2857142857142857,0.5238095238095238,0.42857142857142855
eucl_params,1.0,44.0,0.4824746850063306,0.03454184532165527,0.8581533432006836,0.8926951885223389,0.6153846153846154,0.3783783783783784,0.4444444444444444,0.4864864864864865
eucl_params,1.0,45.0,0.30437925170068025,0.03175473213195801,0.9799857139587402,1.0117404460906982,0.4583333333333333,0.2857142857142857,0.24489795918367346,0.22857142857142856
eucl_params,1.0,46.0,0.4668664668664668,0.06099557876586914,1.0064213275909424,1.0674169063568115,0.5714285714285714,0.358974358974359,0.5128205128205128,0.42424242424242425
eucl_params_nodiv,1.0,42.0,0.46142257818459187,0.03287172317504883,0.46655869483947754,0.49943041801452637,0.7,0.391304347826087,0.42105263157894735,0.3333333333333333
eucl_params_nodiv,1.0,43.0,0.4156864156864157,0.0424959659576416,0.49871134757995605,0.5412073135375977,0.43243243243243246,0.30303030303030304,0.5,0.42857142857142855
eucl_params_nodiv,1.0,44.0,0.4924578649314249,0.033830881118774414,0.483705997467041,0.5175368785858154,0.6341463414634146,0.3783783783783784,0.46511627906976744,0.4864864864864865
eucl_params_nodiv,1.0,45.0,0.3033163265306122,0.046564340591430664,0.5547161102294922,0.6012804508209229,0.4489795918367347,0.2857142857142857,0.25,0.22857142857142856
eucl_params_nodiv,1.0,46.0,0.4559826385546035,0.03208661079406738,0.6200962066650391,0.6521828174591064,0.5531914893617021,0.358974358974359,0.5,0.4117647058823529
eucl_raw,1.0,42.0,0.48611867658203867,3.814697265625e-06,1.0858328342437744,1.08583664894104,0.9230769230769231,0.21428571428571427,0.53125,0.27586206896551724
eucl_raw,1.0,43.0,0.3928687748570781,2.1457672119140625e-06,1.1740939617156982,1.1740961074829102,0.6451612903225806,0.21428571428571427,0.417910447761194,0.29411764705882354
eucl_raw,1.0,44.0,0.39566553159590423,3.5762786865234375e-06,1.05698561668396,1.0569891929626465,0.723404255319149,0.17391304347826086,0.3103448275862069,0.375
eucl_raw,1.0,45.0,0.3410714285714286,2.384185791015625e-06,1.0485045909881592,1.0485069751739502,0.7142857142857143,0.08333333333333333,0.4,0.16666666666666666
eucl_raw,1.0,46.0,0.41095959595959597,3.814697265625e-06,1.053572416305542,1.0535762310028076,0.6111111111111112,0.16,0.509090909090909,0.36363636363636365
eucl_raw_nodiv,1.0,42.0,0.473695246971109,1.9073486328125e-06,0.5602734088897705,0.5602753162384033,0.918918918918919,0.2,0.5,0.27586206896551724
eucl_raw_nodiv,1.0,43.0,0.37840898822872254,2.384185791015625e-06,0.5462701320648193,0.5462725162506104,0.6451612903225806,0.21428571428571427,0.4117647058823529,0.24242424242424243
eucl_raw_nodiv,1.0,44.0,0.38063311688311685,2.384185791015625e-06,0.5419065952301025,0.5419089794158936,0.68,0.18181818181818182,0.2857142857142857,0.375
eucl_raw_nodiv,1.0,45.0,0.3416666666666667,2.1457672119140625e-06,0.4975614547729492,0.49756360054016113,0.7,0.08333333333333333,0.4166666666666667,0.16666666666666666
eucl_raw_nodiv,1.0,46.0,0.42270088270088274,2.6226043701171875e-06,0.4906179904937744,0.49062061309814453,0.6486486486486487,0.16,0.5185185185185185,0.36363636363636365
sta,1.0,42.0,0.6066451066451067,2.86102294921875e-06,3683.28023314476,3683.280236005783,0.9230769230769231,0.3333333333333333,0.6296296296296297,0.5405405405405406
sta,1.0,43.0,0.5853920797272489,2.384185791015625e-06,3684.4528596401215,3684.4528620243073,0.8,0.3870967741935484,0.6666666666666666,0.4878048780487805
sta,1.0,44.0,0.5288193888977764,3.0994415283203125e-06,3681.9647314548492,3681.9647345542908,0.8085106382978723,0.2857142857142857,0.6,0.42105263157894735
sta,1.0,45.0,0.4763702323757231,2.6226043701171875e-06,3674.987709760666,3674.9877123832703,0.8085106382978723,0.2857142857142857,0.5531914893617021,0.25806451612903225
sta,1.0,46.0,0.696626491787782,2.384185791015625e-06,3681.2964968681335,3681.2964992523193,0.9047619047619048,0.6857142857142857,0.6153846153846154,0.5806451612903226
wasps,0.01,42.0,0.47432879238264797,0.022341012954711914,0.8657548427581787,0.8880958557128906,0.8421052631578947,0.22857142857142856,0.45454545454545453,0.37209302325581395
wasps,0.01,43.0,0.547953705333568,0.02235889434814453,0.9157638549804688,0.9381227493286133,0.8947368421052632,0.3125,0.43478260869565216,0.55
wasps,0.01,44.0,0.49524130289798707,0.024147510528564453,0.8617877960205078,0.8859353065490723,0.8095238095238095,0.24242424242424243,0.42857142857142855,0.4878048780487805
wasps,0.01,45.0,0.4782444505848761,0.022294282913208008,0.9530787467956543,0.9753730297088623,0.6666666666666666,0.36363636363636365,0.425531914893617,0.45714285714285713
wasps_nodiv,0.01,42.0,0.48283218935841343,0.022185564041137695,0.511023759841919,0.5332093238830566,0.8421052631578947,0.25,0.4489795918367347,0.3902439024390244
wasps_nodiv,0.01,43.0,0.529986243945054,0.021963834762573242,0.5636875629425049,0.5856513977050781,0.8333333333333334,0.2777777777777778,0.43478260869565216,0.5789473684210527
wasps_nodiv,0.01,44.0,0.5118690393933256,0.02215743064880371,0.5336287021636963,0.5557861328125,0.7906976744186046,0.32432432432432434,0.46153846153846156,0.46153846153846156
wasps_nodiv,0.01,45.0,0.4582323232323232,0.022067546844482422,0.5859396457672119,0.6080071926116943,0.6818181818181818,0.26666666666666666,0.44,0.4444444444444444
eucl_params,0.01,42.0,0.4357899152507625,0.022266387939453125,0.7633886337280273,0.7856550216674805,0.6341463414634146,0.36363636363636365,0.42105263157894735,0.32432432432432434
eucl_params,0.01,43.0,0.33299170088801194,0.02219080924987793,0.8230903148651123,0.8452811241149902,0.2,0.3050847457627119,0.4117647058823529,0.42424242424242425
eucl_params,0.01,44.0,0.45640229789927095,0.022101402282714844,0.779656171798706,0.8017575740814209,0.5641025641025641,0.3783783783783784,0.43478260869565216,0.4444444444444444
eucl_params,0.01,45.0,0.3037169312169312,0.02204155921936035,0.8436756134033203,0.8657171726226807,0.44,0.2962962962962963,0.25,0.22857142857142856
eucl_params_nodiv,0.01,42.0,0.2848557692307693,0.022290706634521484,0.4675929546356201,0.4898836612701416,0.3333333333333333,0.4166666666666667,0.3125,0.07692307692307693
eucl_params_nodiv,0.01,43.0,0.33299170088801194,0.02212691307067871,0.5231432914733887,0.5452702045440674,0.2,0.3050847457627119,0.4117647058823529,0.42424242424242425
eucl_params_nodiv,0.01,44.0,0.45640229789927095,0.022192001342773438,0.48860669136047363,0.5107986927032471,0.5641025641025641,0.3783783783783784,0.43478260869565216,0.4444444444444444
eucl_params_nodiv,0.01,45.0,0.3037169312169312,0.022105932235717773,0.5422725677490234,0.5643784999847412,0.44,0.2962962962962963,0.25,0.22857142857142856
eucl_raw,0.01,42.0,0.46200456647737254,2.1457672119140625e-06,0.8192789554595947,0.8192811012268066,0.8947368421052632,0.1935483870967742,0.4838709677419355,0.27586206896551724
eucl_raw,0.01,43.0,0.3487529444509251,3.0994415283203125e-06,0.8335607051849365,0.8335638046264648,0.6060606060606061,0.07692307692307693,0.417910447761194,0.29411764705882354
eucl_raw,0.01,44.0,0.39632679572501067,2.384185791015625e-06,0.8060026168823242,0.8060050010681152,0.723404255319149,0.18181818181818182,0.3050847457627119,0.375
eucl_raw,0.01,45.0,0.3311215032018874,2.86102294921875e-06,0.8033545017242432,0.8033573627471924,0.6976744186046512,0.08333333333333333,0.37681159420289856,0.16666666666666666
eucl_raw_nodiv,0.01,42.0,0.46200456647737254,2.6226043701171875e-06,0.5284597873687744,0.5284624099731445,0.8947368421052632,0.1935483870967742,0.4838709677419355,0.27586206896551724
eucl_raw_nodiv,0.01,43.0,0.3487529444509251,2.384185791015625e-06,0.5001091957092285,0.5001115798950195,0.6060606060606061,0.07692307692307693,0.417910447761194,0.29411764705882354
eucl_raw_nodiv,0.01,44.0,0.1,2.384185791015625e-06,0.49314379692077637,0.4931461811065674,0.0,0.4,0.0,0.0
eucl_raw_nodiv,0.01,45.0,0.1,2.384185791015625e-06,0.48690223693847656,0.4869046211242676,0.0,0.4,0.0,0.0
sta,0.01,42.0,0.6070429737484974,1.9073486328125e-06,4971.7465987205505,4971.746600627899,0.8648648648648649,0.35294117647058826,0.625,0.5853658536585366
sta,0.01,43.0,0.6569923978460563,2.384185791015625e-06,4973.087118148804,4973.0871205329895,0.8292682926829268,0.5454545454545454,0.6818181818181818,0.5714285714285714
sta,0.01,44.0,0.5430935895036699,2.384185791015625e-06,4968.3780789375305,4968.378081321716,0.782608695652174,0.23529411764705882,0.6666666666666666,0.4878048780487805
sta,0.01,45.0,0.5587719298245614,2.1457672119140625e-06,4969.833056926727,4969.8330590724945,0.8,0.3684210526315789,0.6666666666666666,0.4
wasps,100.0,42,0.551672785715339,0.022237539291381836,0.9068136215209961,0.9290511608123779,0.8648648648648649,0.3783783783783784,0.41025641025641024,0.5531914893617021
wasps,100.0,43,0.5428046104167147,0.022388935089111328,0.8928911685943604,0.9152801036834717,0.8947368421052632,0.45161290322580644,0.47058823529411764,0.3333333333333333
wasps,100.0,44,0.553492079627426,0.022060394287109375,0.8919470310211182,0.9140074253082275,0.8780487804878049,0.3888888888888889,0.46511627906976744,0.47368421052631576
wasps,100.0,45,0.4423533245165124,0.02206254005432129,0.8945214748382568,0.9165840148925781,0.7555555555555555,0.25806451612903225,0.39215686274509803,0.36363636363636365
wasps_nodiv,100.0,42,0.46729390681003585,0.02209305763244629,0.511805534362793,0.5338985919952393,0.8333333333333334,0.25806451612903225,0.4444444444444444,0.3333333333333333
wasps_nodiv,100.0,43,0.45041366251416715,0.022145748138427734,0.5527169704437256,0.5748627185821533,0.7804878048780488,0.13793103448275862,0.4444444444444444,0.4375
wasps_nodiv,100.0,44,0.5478280610287843,0.022215843200683594,0.547426700592041,0.5696425437927246,0.9090909090909091,0.4,0.40816326530612246,0.4666666666666667
wasps_nodiv,100.0,45,0.4217000279955207,0.02293992042541504,0.5937871932983398,0.6167271137237549,0.8085106382978723,0.25,0.3157894736842105,0.3125
eucl_params,100.0,42,0.5268796992481203,0.02199411392211914,0.7822020053863525,0.8041961193084717,0.75,0.42857142857142855,0.5789473684210527,0.35
eucl_params,100.0,43,0.4248106372004712,0.022325515747070312,0.7864165306091309,0.8087420463562012,0.375,0.35294117647058826,0.4897959183673469,0.4878048780487805
eucl_params,100.0,44,0.4739743244456414,0.02319502830505371,0.7925741672515869,0.8157691955566406,0.6666666666666666,0.4,0.425531914893617,0.4
eucl_params,100.0,45,0.35863766980146294,0.02210092544555664,0.8519377708435059,0.8740386962890625,0.4583333333333333,0.41379310344827586,0.32,0.24242424242424243
eucl_params_nodiv,100.0,42,0.47818573105517154,0.022182703018188477,0.4907262325286865,0.512908935546875,0.6829268292682927,0.3902439024390244,0.5454545454545454,0.29411764705882354
eucl_params_nodiv,100.0,43,0.46405597647066554,0.022069215774536133,0.5193872451782227,0.5414564609527588,0.5365853658536586,0.3225806451612903,0.5116279069767442,0.4878048780487805
eucl_params_nodiv,100.0,44,0.5011121555130975,0.02238750457763672,0.4982171058654785,0.5206046104431152,0.6511627906976745,0.3783783783783784,0.5116279069767442,0.45714285714285713
eucl_params_nodiv,100.0,45,0.36040642672163203,0.02214956283569336,0.547499418258667,0.5696489810943604,0.4528301886792453,0.42857142857142855,0.27450980392156865,0.2857142857142857
eucl_raw,100.0,42,0.4985608521568331,2.1457672119140625e-06,0.8357388973236084,0.8357410430908203,0.9,0.21428571428571427,0.5573770491803278,0.3225806451612903
eucl_raw,100.0,43,0.5099787849837024,2.1457672119140625e-06,0.8348128795623779,0.8348150253295898,0.8780487804878049,0.375,0.4642857142857143,0.3225806451612903
eucl_raw,100.0,44,0.4317697839369665,2.1457672119140625e-06,0.8361141681671143,0.8361163139343262,0.8095238095238095,0.2962962962962963,0.38596491228070173,0.23529411764705882
eucl_raw,100.0,45,0.3033904109589041,3.0994415283203125e-06,0.8745191097259521,0.8745222091674805,0.75,0.08,0.3835616438356164,0.0
eucl_raw_nodiv,100.0,42,0.44700577200577196,2.1457672119140625e-06,0.5094070434570312,0.5094091892242432,0.8888888888888888,0.2,0.48484848484848486,0.21428571428571427
eucl_raw_nodiv,100.0,43,0.4105596011876103,2.1457672119140625e-06,0.4976792335510254,0.4976813793182373,0.6451612903225806,0.26666666666666666,0.417910447761194,0.3125
eucl_raw_nodiv,100.0,44,0.3457772386343815,2.6226043701171875e-06,0.48311281204223633,0.48311543464660645,0.6530612244897959,0.18181818181818182,0.31746031746031744,0.23076923076923078
eucl_raw_nodiv,100.0,45,0.30482736572890023,1.9073486328125e-06,0.50079345703125,0.5007953643798828,0.6666666666666666,0.08333333333333333,0.38235294117647056,0.08695652173913043
sta,100.0,42,0.5115808597340745,2.1457672119140625e-06,3198.851662158966,3198.8516643047333,0.9302325581395349,0.07407407407407407,0.5714285714285714,0.47058823529411764
sta,100.0,43,0.506043956043956,1.9073486328125e-06,3204.104240655899,3204.1042425632477,0.8,0.2857142857142857,0.5384615384615384,0.4
sta,100.0,44,0.44738120927020847,1.9073486328125e-06,3209.1997911930084,3209.199793100357,0.8085106382978723,0.29411764705882354,0.48,0.20689655172413793
sta,100.0,45,0.4186282467532467,1.9073486328125e-06,3207.0529487133026,3207.0529506206512,0.8,0.1875,0.4727272727272727,0.21428571428571427
